MODEL_CD,ALGO_NM,EXEC_YMD,MSE_VAL,RMSE_VAL,MAE_VAL,MAPE_VAL,R2_VAL,MDL_FILE_NM,SMMRY_FILE_NM,GRAPH_FILE_NM,RSLT_FILE_NM,USE_YN
*,ExtraTreesRegressor ,20260513,0.035,0.187,0.062,9.3309E+13,0.86,ExtraTreesRegressor_20260513.pkl,ExtraTreesRegressor_20260513_summary.txt,ExtraTreesRegressor_20260513_prediction_plot.png,ExtraTreesRegressor_20260513_predictions.csv,
*,RandomForestRegressor,20260513,0.039,0.197,0.068,1.07186E+14,0.845,RandomForestRegressor_20260513.pkl,RandomForestRegressor_20260513_summary.txt,RandomForestRegressor_20260513_prediction_plot.png,RandomForestRegressor_20260513_predictions.csv,
*,HistGradientBoostingRegressor,20260513,0.039,0.197,0.086,1.72097E+14,0.844,HistGradientBoostingRegressor_20260513.pkl,HistGradientBoostingRegressor_20260513_summary.txt,HistGradientBoostingRegressor_20260513_prediction_plot.png,HistGradientBoostingRegressor_20260513_predictions.csv,
*,KNeighborsRegressor,20260513,0.041,0.201,0.065,9.85162E+13,0.838,KNeighborsRegressor_20260513.pkl,KNeighborsRegressor_20260513_summary.txt,KNeighborsRegressor_20260513_prediction_plot.png,KNeighborsRegressor_20260513_predictions.csv,
*,BaggingRegressor,20260513,0.042,0.205,0.067,1.01894E+14,0.832,BaggingRegressor_20260513.pkl,BaggingRegressor_20260513_summary.txt,BaggingRegressor_20260513_prediction_plot.png,BaggingRegressor_20260513_predictions.csv,
*,GradientBoostingRegressor,20260513,0.046,0.214,0.08,1.29395E+14,0.816,GradientBoostingRegressor_20260513.pkl,GradientBoostingRegressor_20260513_summary.txt,GradientBoostingRegressor_20260513_prediction_plot.png,GradientBoostingRegressor_20260513_predictions.csv,
*,SVR,20260513,0.049,0.222,0.116,1.77455E+14,0.802,SVR_20260513.pkl,SVR_20260513_summary.txt,SVR_20260513_prediction_plot.png,SVR_20260513_predictions.csv,
*,MLPRegressor,20260513,0.053,0.23,0.145,2.74902E+14,0.789,MLPRegressor_20260513.pkl,MLPRegressor_20260513_summary.txt,MLPRegressor_20260513_prediction_plot.png,MLPRegressor_20260513_predictions.csv,
*,DecisionTreeRegressor,20260513,0.053,0.23,0.053,6.47392E+13,0.787,DecisionTreeRegressor_20260513.pkl,DecisionTreeRegressor_20260513_summary.txt,DecisionTreeRegressor_20260513_prediction_plot.png,DecisionTreeRegressor_20260513_predictions.csv,
*,AdaBoostRegressor,20260513,0.054,0.232,0.09,1.682E+14,0.785,AdaBoostRegressor_20260513.pkl,AdaBoostRegressor_20260513_summary.txt,AdaBoostRegressor_20260513_prediction_plot.png,AdaBoostRegressor_20260513_predictions.csv,
*,NuSVR,20260513,0.054,0.233,0.096,1.05429E+14,0.782,NuSVR_20260513.pkl,NuSVR_20260513_summary.txt,NuSVR_20260513_prediction_plot.png,NuSVR_20260513_predictions.csv,
*,ExtraTreeRegressor,20260513,0.067,0.259,0.067,7.8813E+13,0.732,ExtraTreeRegressor_20260513.pkl,ExtraTreeRegressor_20260513_summary.txt,ExtraTreeRegressor_20260513_prediction_plot.png,ExtraTreeRegressor_20260513_predictions.csv,
*,ARDRegression,20260513,0.074,0.272,0.198,4.42257E+14,0.703,ARDRegression_20260513.pkl,ARDRegression_20260513_summary.txt,ARDRegression_20260513_prediction_plot.png,ARDRegression_20260513_predictions.csv,Y
*,StackingRegressor,20260513,0.074,0.272,0.198,4.39391E+14,0.703,StackingRegressor_20260513.pkl,StackingRegressor_20260513_summary.txt,StackingRegressor_20260513_prediction_plot.png,StackingRegressor_20260513_predictions.csv,
*,PLSRegression,20260513,0.074,0.273,0.198,4.38672E+14,0.702,PLSRegression_20260513.pkl,PLSRegression_20260513_summary.txt,PLSRegression_20260513_prediction_plot.png,PLSRegression_20260513_predictions.csv,
*,ElasticNetCV,20260513,0.074,0.273,0.198,4.37645E+14,0.702,ElasticNetCV_20260513.pkl,ElasticNetCV_20260513_summary.txt,ElasticNetCV_20260513_prediction_plot.png,ElasticNetCV_20260513_predictions.csv,Y
*,MultiTaskLassoCV,20260513,0.074,0.273,0.198,4.3788E+14,0.702,MultiTaskLassoCV_20260513.pkl,MultiTaskLassoCV_20260513_summary.txt,MultiTaskLassoCV_20260513_prediction_plot.png,MultiTaskLassoCV_20260513_predictions.csv,
*,LassoLarsCV,20260513,0.074,0.273,0.198,4.37905E+14,0.702,LassoLarsCV_20260513.pkl,LassoLarsCV_20260513_summary.txt,LassoLarsCV_20260513_prediction_plot.png,LassoLarsCV_20260513_predictions.csv,
*,LassoCV,20260513,0.074,0.273,0.198,4.3788E+14,0.702,LassoCV_20260513.pkl,LassoCV_20260513_summary.txt,LassoCV_20260513_prediction_plot.png,LassoCV_20260513_predictions.csv,
*,MultiTaskElasticNetCV,20260513,0.074,0.273,0.198,4.37645E+14,0.702,MultiTaskElasticNetCV_20260513.pkl,MultiTaskElasticNetCV_20260513_summary.txt,MultiTaskElasticNetCV_20260513_prediction_plot.png,MultiTaskElasticNetCV_20260513_predictions.csv,
*,RegressorChain,20260513,0.074,0.273,0.198,4.38829E+14,0.702,RegressorChain_20260513.pkl,RegressorChain_20260513_summary.txt,RegressorChain_20260513_prediction_plot.png,RegressorChain_20260513_predictions.csv,
*,Ridge,20260513,0.074,0.273,0.198,4.38829E+14,0.702,Ridge_20260513.pkl,Ridge_20260513_summary.txt,Ridge_20260513_prediction_plot.png,Ridge_20260513_predictions.csv,Y
*,LassoLarsIC,20260513,0.074,0.273,0.198,4.38874E+14,0.702,LassoLarsIC_20260513.pkl,LassoLarsIC_20260513_summary.txt,LassoLarsIC_20260513_prediction_plot.png,LassoLarsIC_20260513_predictions.csv,
*,MultiOutputRegressor,20260513,0.074,0.273,0.198,4.38829E+14,0.702,MultiOutputRegressor_20260513.pkl,MultiOutputRegressor_20260513_summary.txt,MultiOutputRegressor_20260513_prediction_plot.png,MultiOutputRegressor_20260513_predictions.csv,
*,LinearRegression,20260513,0.074,0.273,0.198,4.38874E+14,0.702,LinearRegression_20260513.pkl,LinearRegression_20260513_summary.txt,LinearRegression_20260513_prediction_plot.png,LinearRegression_20260513_predictions.csv,Y
*,VotingRegressor,20260513,0.074,0.273,0.198,4.38829E+14,0.702,VotingRegressor_20260513.pkl,VotingRegressor_20260513_summary.txt,VotingRegressor_20260513_prediction_plot.png,VotingRegressor_20260513_predictions.csv,
*,TransformedTargetRegressor,20260513,0.074,0.273,0.198,4.38874E+14,0.702,TransformedTargetRegressor_20260513.pkl,TransformedTargetRegressor_20260513_summary.txt,TransformedTargetRegressor_20260513_prediction_plot.png,TransformedTargetRegressor_20260513_predictions.csv,
*,RidgeCV,20260513,0.074,0.273,0.198,4.38428E+14,0.702,RidgeCV_20260513.pkl,RidgeCV_20260513_summary.txt,RidgeCV_20260513_prediction_plot.png,RidgeCV_20260513_predictions.csv,Y
*,BayesianRidge,20260513,0.075,0.273,0.198,4.36668E+14,0.702,BayesianRidge_20260513.pkl,BayesianRidge_20260513_summary.txt,BayesianRidge_20260513_prediction_plot.png,BayesianRidge_20260513_predictions.csv,Y
*,SGDRegressor,20260513,0.078,0.279,0.199,4.1344E+14,0.689,SGDRegressor_20260513.pkl,SGDRegressor_20260513_summary.txt,SGDRegressor_20260513_prediction_plot.png,SGDRegressor_20260513_predictions.csv,Y
*,PassiveAggressiveRegressor,20260513,0.085,0.292,0.209,5.03737E+14,0.659,PassiveAggressiveRegressor_20260513.pkl,PassiveAggressiveRegressor_20260513_summary.txt,PassiveAggressiveRegressor_20260513_prediction_plot.png,PassiveAggressiveRegressor_20260513_predictions.csv,
*,ElasticNet,20260513,0.086,0.294,0.228,4.52722E+14,0.655,ElasticNet_20260513.pkl,ElasticNet_20260513_summary.txt,ElasticNet_20260513_prediction_plot.png,ElasticNet_20260513_predictions.csv,Y
*,MultiTaskElasticNet,20260513,0.086,0.294,0.228,4.52722E+14,0.655,MultiTaskElasticNet_20260513.pkl,MultiTaskElasticNet_20260513_summary.txt,MultiTaskElasticNet_20260513_prediction_plot.png,MultiTaskElasticNet_20260513_predictions.csv,
*,LinearSVR,20260513,0.09,0.3,0.196,3.64111E+14,0.641,LinearSVR_20260513.pkl,LinearSVR_20260513_summary.txt,LinearSVR_20260513_prediction_plot.png,LinearSVR_20260513_predictions.csv,Y
*,HuberRegressor,20260513,0.09,0.3,0.196,3.68685E+14,0.64,HuberRegressor_20260513.pkl,HuberRegressor_20260513_summary.txt,HuberRegressor_20260513_prediction_plot.png,HuberRegressor_20260513_predictions.csv,Y
*,TweedieRegressor,20260513,0.093,0.304,0.248,4.80684E+14,0.629,TweedieRegressor_20260513.pkl,TweedieRegressor_20260513_summary.txt,TweedieRegressor_20260513_prediction_plot.png,TweedieRegressor_20260513_predictions.csv,Y
*,PoissonRegressor,20260513,0.093,0.305,0.223,2.76471E+14,0.628,PoissonRegressor_20260513.pkl,PoissonRegressor_20260513_summary.txt,PoissonRegressor_20260513_prediction_plot.png,PoissonRegressor_20260513_predictions.csv,
*,LarsCV,20260513,0.1,0.317,0.257,4.95873E+14,0.598,LarsCV_20260513.pkl,LarsCV_20260513_summary.txt,LarsCV_20260513_prediction_plot.png,LarsCV_20260513_predictions.csv,
*,QuantileRegressor,20260513,0.107,0.328,0.21,3.53502E+14,0.571,QuantileRegressor_20260513.pkl,QuantileRegressor_20260513_summary.txt,QuantileRegressor_20260513_prediction_plot.png,QuantileRegressor_20260513_predictions.csv,
*,LassoLars,20260513,0.111,0.333,0.287,5.54004E+14,0.557,LassoLars_20260513.pkl,LassoLars_20260513_summary.txt,LassoLars_20260513_prediction_plot.png,LassoLars_20260513_predictions.csv,
*,Lasso,20260513,0.111,0.333,0.287,5.54004E+14,0.557,Lasso_20260513.pkl,Lasso_20260513_summary.txt,Lasso_20260513_prediction_plot.png,Lasso_20260513_predictions.csv,
*,MultiTaskLasso,20260513,0.111,0.333,0.287,5.54004E+14,0.557,MultiTaskLasso_20260513.pkl,MultiTaskLasso_20260513_summary.txt,MultiTaskLasso_20260513_prediction_plot.png,MultiTaskLasso_20260513_predictions.csv,
*,TheilSenRegressor,20260513,0.113,0.336,0.218,4.06732E+14,0.548,TheilSenRegressor_20260513.pkl,TheilSenRegressor_20260513_summary.txt,TheilSenRegressor_20260513_prediction_plot.png,TheilSenRegressor_20260513_predictions.csv,
*,OrthogonalMatchingPursuit,20260513,0.118,0.343,0.224,4.15028E+14,0.529,OrthogonalMatchingPursuit_20260513.pkl,OrthogonalMatchingPursuit_20260513_summary.txt,OrthogonalMatchingPursuit_20260513_prediction_plot.png,OrthogonalMatchingPursuit_20260513_predictions.csv,
*,GaussianProcessRegressor,20260513,0.231,0.481,0.16,2.30755E+14,0.076,GaussianProcessRegressor_20260513.pkl,GaussianProcessRegressor_20260513_summary.txt,GaussianProcessRegressor_20260513_prediction_plot.png,GaussianProcessRegressor_20260513_predictions.csv,
*,DummyRegressor,20260513,0.253,0.503,0.501,1.00152E+15,-0.013,DummyRegressor_20260513.pkl,DummyRegressor_20260513_summary.txt,DummyRegressor_20260513_prediction_plot.png,DummyRegressor_20260513_predictions.csv,
*,KernelRidge,20260513,0.425,0.652,0.534,4.46642E+14,-0.702,KernelRidge_20260513.pkl,KernelRidge_20260513_summary.txt,KernelRidge_20260513_prediction_plot.png,KernelRidge_20260513_predictions.csv,
*,RANSACRegressor,20260513,0.511,0.715,0.511,0.511,-1.046,RANSACRegressor_20260513.pkl,RANSACRegressor_20260513_summary.txt,RANSACRegressor_20260513_prediction_plot.png,RANSACRegressor_20260513_predictions.csv,
*,Lars,20260513,1.249,1.117,0.621,1.03079E+15,-3.997,Lars_20260513.pkl,Lars_20260513_summary.txt,Lars_20260513_prediction_plot.png,Lars_20260513_predictions.csv,
